ds,actual,yhat,yhat_lower,yhat_upper
2016-09-04,2.0,0.0,0.0,2.615014360064001
2016-09-05,0.0,0.0,0.0,42.986992964578675
2016-09-06,0.0,0.0,0.0,51.333561943583526
2016-09-07,0.0,0.0,0.0,42.20878237641119
2016-09-08,0.0,0.0,0.0,43.777090440510605
2016-09-09,0.0,0.0,0.0,34.382045952097975
2016-09-10,0.0,0.0,0.0,12.15327666820122
2016-09-11,0.0,0.0,0.0,23.51577697999137
2016-09-12,0.0,2.234818843510342,0.0,65.25296288325987
2016-09-13,0.0,7.525480759216356,0.0,70.43360752387592
2016-09-14,0.0,3.2764949741724525,0.0,65.06105964737793
2016-09-15,0.0,0.8190685208999202,0.0,62.23369538264562
2016-09-16,0.0,0.0,0.0,59.98184652320003
2016-09-17,0.0,0.0,0.0,30.52958696790538
2016-09-18,0.0,0.0,0.0,39.7997112953629
2016-09-19,0.0,14.999329057849767,0.0,74.71493867113035
2016-09-20,0.0,18.380331285410197,0.0,77.78415988415696
2016-09-21,0.0,12.195764206466473,0.0,72.0113099001416
2016-09-22,0.0,7.831440902859943,0.0,71.95883000112684
2016-09-23,0.0,1.2522878449734662,0.0,55.72794254291923
2016-09-24,0.0,0.0,0.0,34.447761920965085
2016-09-25,0.0,0.0,0.0,36.30796114474418
2016-09-26,0.0,15.593565611016405,0.0,79.84612824960757
2016-09-27,0.0,17.845072592080427,0.0,80.92037334088363
2016-09-28,0.0,10.762464295483008,0.0,68.49782547725196
2016-09-29,0.0,5.737259595414329,0.0,66.16180574864684
2016-09-30,0.0,0.0,0.0,58.3036355265541
2016-10-01,0.0,0.0,0.0,30.507200468848698
2016-10-02,0.0,0.0,0.0,36.8565126913933
2016-10-03,7.0,13.048373701882843,0.0,76.03951153187269
2016-10-04,54.0,15.625519539251997,0.0,78.65791364440604
2016-10-05,45.0,8.979211742826232,0.0,70.40952733116734
2016-10-06,44.0,4.461573150886432,0.0,66.78259527815825
2016-10-07,37.0,0.0,0.0,58.92937851078657
2016-10-08,37.0,0.0,0.0,27.33704363224794
2016-10-09,22.0,0.0,0.0,38.85873041828485
2016-10-10,32.0,13.69613911493232,0.0,76.69876451409861
2016-10-11,0.0,16.53552429284846,0.0,75.50310527079486
2016-10-12,0.0,10.000335761842265,0.0,72.48715316833776
2016-10-13,0.0,5.420903682952638,0.0,67.67075455763838
2016-10-14,0.0,0.0,0.0,63.357212018338636
2016-10-15,0.0,0.0,0.0,26.855986779844198
2016-10-16,0.0,0.0,0.0,38.27403173633109
2016-10-17,0.0,12.51250049768899,0.0,71.7892295363068
2016-10-18,0.0,14.37372243833875,0.0,77.48967888073103
2016-10-19,0.0,6.725425168586039,0.0,68.70403150386203
2016-10-20,0.0,0.9325851784116868,0.0,66.47019533813003
2016-10-21,0.0,0.0,0.0,54.54691153866362
2016-10-22,0.0,0.0,0.0,22.166881364834722
2016-10-23,0.0,0.0,0.0,28.390151057369618
2016-10-24,0.0,3.064700190796863,0.0,61.69875537719972
2016-10-25,0.0,3.9165416914752136,0.0,65.75725977537222
2016-10-26,0.0,0.0,0.0,55.41828911122561
2016-10-27,0.0,0.0,0.0,47.764583507729185
2016-10-28,0.0,0.0,0.0,36.55230950618724
2016-10-29,0.0,0.0,0.0,8.797020229214906
2016-10-30,0.0,0.0,0.0,19.268544626867598
2016-10-31,0.0,0.0,0.0,53.38898214192652
2016-11-01,0.0,0.0,0.0,53.679767436291705
2016-11-02,0.0,0.0,0.0,47.45502284303309
2016-11-03,0.0,0.0,0.0,46.719968630452364
2016-11-04,0.0,0.0,0.0,41.75233597466503
2016-11-05,0.0,0.0,0.0,6.023090620855053
2016-11-06,0.0,0.0,0.0,21.626525550675805
2016-11-07,0.0,0.0,0.0,54.28808321019396
2016-11-08,0.0,4.420091747029998,0.0,62.16147410453629
2016-11-09,0.0,1.4425313206945471,0.0,58.67130178108058
2016-11-10,0.0,1.0459545488076305,0.0,60.92596680306895
2016-11-11,0.0,0.0,0.0,59.5001252124231
2016-11-12,0.0,0.0,0.0,33.915553886164844
2016-11-13,0.0,0.0,0.0,45.31026043278719
2016-11-14,0.0,30.70431837968787,0.0,93.51079690361871
2016-11-15,0.0,39.4408971645773,0.0,97.09304426687339
2016-11-16,0.0,38.97843227058341,0.0,100.57223373641973
2016-11-17,0.0,40.57619169739945,0.0,100.15487147380887
2016-11-18,0.0,40.06367300616985,0.0,100.45856844311966
2016-11-19,0.0,15.176299655543541,0.0,76.31374841122437
2016-11-20,0.0,30.204950524039326,0.0,88.21448505991727
2016-11-21,0.0,71.81723476080607,11.63171045419091,132.79080090504903
2016-11-22,0.0,79.14367293755683,17.058641220698153,140.27096452480873
2016-11-23,0.0,76.55317706828106,11.757470565131287,133.68423342421522
2016-11-24,0.0,75.32253915074376,17.598929637518335,131.6524912509615
2016-11-25,0.0,71.31415257745505,14.148589261546329,133.29563858943584
2016-11-26,0.0,42.31126670457437,0.0,100.14832767611179
2016-11-27,0.0,52.66671357384007,0.0,117.0135167218338
2016-11-28,0.0,89.12303489953327,24.522632183237974,146.29404389719468
2016-11-29,0.0,90.89719507746307,28.237267593325306,148.6628513018182
2016-11-30,0.0,82.45430578809335,26.474419235117217,142.6665641437705
2016-12-01,0.0,75.17511226522423,10.661142536198138,136.3591092553985
2016-12-02,0.0,65.03151239203171,7.275518646984563,130.88299069933248
2016-12-03,0.0,29.919460957365516,0.0,95.41936911821996
2016-12-04,0.0,34.30525401912892,0.0,99.29913197902707
2016-12-05,0.0,65.04317993425343,5.577931916375209,121.6358642026652
2016-12-06,0.0,61.45778226450306,1.3693672151972025,122.58485511201185
2016-12-07,0.0,48.25734408989702,0.0,110.19520208600403
2016-12-08,0.0,36.77277572116255,0.0,97.56935855461148
2016-12-09,0.0,23.057480531501962,0.0,89.40024361331355
2016-12-10,0.0,0.0,0.0,47.82181536067972
2016-12-11,0.0,0.0,0.0,51.207661773273095
2016-12-12,0.0,16.77399632221766,0.0,76.45212508569583
2016-12-13,0.0,12.694792877786076,0.0,69.04992281812143
2016-12-14,0.0,0.0,0.0,59.594436010845676
2016-12-15,0.0,0.0,0.0,48.05876407957053
2016-12-16,0.0,0.0,0.0,37.86941522305958
2016-12-17,0.0,0.0,0.0,5.754942376706945
2016-12-18,0.0,0.0,0.0,13.295556038716727
2016-12-19,0.0,0.0,0.0,40.92394145727744
2016-12-20,0.0,0.0,0.0,46.983949295362606
2016-12-21,0.0,0.0,0.0,32.64705287013595
2016-12-22,0.0,0.0,0.0,27.194217089783415
2016-12-23,1.0,0.0,0.0,18.95610674814722
2016-12-24,0.0,0.0,0.0,0.0
2016-12-25,0.0,0.0,0.0,6.840578971599173
2016-12-26,0.0,0.0,0.0,41.82025317342377
2016-12-27,0.0,0.0,0.0,51.74847565146285
2016-12-28,0.0,0.0,0.0,42.59105873324824
2016-12-29,0.0,0.0,0.0,49.24357535368564
2016-12-30,0.0,0.0,0.0,40.01462101508105
2016-12-31,0.0,0.0,0.0,17.381037382319462
2017-01-01,0.0,0.0,0.0,33.39000969610055
2017-01-02,0.0,12.107705839279687,0.0,69.86423069036839
2017-01-03,0.0,20.043768346033275,0.0,76.7460912537131
2017-01-04,0.0,18.60303005476254,0.0,79.16915954288103
2017-01-05,68.0,19.064117931561775,0.0,82.49020540319458
2017-01-06,4.0,17.287705677064658,0.0,74.69678091291465
2017-01-07,3.0,0.0,0.0,53.65691645978672
2017-01-08,3.0,4.697878506752154,0.0,65.449658460621
2017-01-09,4.0,44.955022404494386,0.0,108.4996452171923
2017-01-10,5.0,51.01992119673955,0.0,117.2549585494978
2017-01-11,9.0,47.33252095667369,0.0,108.10370055626981
2017-01-12,9.0,45.24288729864139,0.0,107.69734664965097
2017-01-13,10.0,40.686635604344936,0.0,100.15266052168835
2017-01-14,14.0,11.517856584324083,0.0,71.22510718262747
2017-01-15,16.0,22.155543047547873,0.0,83.00427472560033
2017-01-16,20.0,59.40151215303099,0.0,116.91018643216401
2017-01-17,58.0,62.52307250865445,5.583022834193638,125.86998614154783
2017-01-18,31.0,56.02492095693921,0.0,116.14955292324034
2017-01-19,34.0,51.31507241716992,0.0,115.62957144213921
2017-01-20,32.0,44.379139782268496,0.0,103.00450874630846
2017-01-21,37.0,13.112353321373881,0.0,72.07359167396912
2017-01-22,22.0,21.965341909219475,0.0,78.49553771276442
2017-01-23,40.0,57.83295057463741,0.0,115.23480600061102
2017-01-24,33.0,59.9229902472714,0.0,120.41728131298872
2017-01-25,54.0,52.742109582365245,0.0,116.67624938576401
2017-01-26,94.0,47.69086923427779,0.0,109.71394049017712
2017-01-27,53.0,40.73867188988365,0.0,101.91930733438365
2017-01-28,32.0,9.756641667112067,0.0,70.5063586545182
2017-01-29,39.0,19.164445373350503,0.0,77.99866935977667
2017-01-30,59.0,55.749025118199505,0.0,118.54527767788379
2017-01-31,73.0,58.748456384070856,0.0,118.32581417757793
2017-02-01,54.0,52.62537184995193,0.0,109.33470851752722
2017-02-02,55.0,48.734701912005235,0.0,111.78986386322447
2017-02-03,46.0,42.99999021862844,0.0,102.37051950119086
2017-02-04,56.0,13.247610464605476,0.0,67.84274680172966
2017-02-05,68.0,23.854840878604023,0.0,85.48694788070972
2017-02-06,74.0,61.56973314288038,0.0,120.12234754208122
2017-02-07,118.0,65.59596123655118,7.131365405294236,126.15900203505146
2017-02-08,67.0,60.36706673803059,0.0,118.25096831222632
2017-02-09,78.0,57.21483318590964,0.0,118.13241766249222
2017-02-10,57.0,52.04603527730612,0.0,116.16661858282039
2017-02-11,35.0,22.676882648793992,0.0,85.1220438095638
2017-02-12,50.0,33.48111426088295,0.0,91.44058865852406
2017-02-13,64.0,71.20968568036102,11.3928854132604,131.01701301432757
2017-02-14,58.0,75.07524598734122,13.592132353080444,139.4393067248547
2017-02-15,54.0,69.5727345750602,10.984176951146493,132.2033623411681
2017-02-16,39.0,66.00636529129964,1.1187017196155866,127.78879979447841
2017-02-17,50.0,60.30624134789768,0.0,120.85512784809636
2017-02-18,45.0,30.314976416883212,0.0,91.2263148611772
2017-02-19,37.0,40.43479472315871,0.0,101.53520014916865
2017-02-20,57.0,77.44618702401485,16.52921866414568,140.55620482300515
2017-02-21,40.0,80.59135145471316,18.45300773162447,141.16524262275848
2017-02-22,57.0,74.34688395658728,13.647060774017614,130.5283898592692
2017-02-23,58.0,70.090502268917,11.001512640123984,130.7386553798843
2017-02-24,59.0,63.77610229477716,6.117658721532971,125.20478055820554
2017-02-25,28.0,33.2665196861373,0.0,97.44010350993717
2017-02-26,33.0,42.98000429818642,0.0,102.42025628400818
2017-02-27,39.0,79.70839848522293,14.810690043552976,140.01971344386305
2017-02-28,46.0,82.70026032741316,17.825360132990678,142.0922045953759
2017-03-01,97.0,76.43340363466078,17.63079115013104,140.57740552482966
2017-03-02,59.0,72.28164072423617,12.936958952108156,134.6148119138302
2017-03-03,63.0,66.19002371419325,6.017711520723882,128.30787050410692
2017-03-04,75.0,36.00794919551414,0.0,94.88187289949116
2017-03-05,64.0,46.13612134515065,0.0,103.09147898147704
2017-03-06,91.0,83.34534770110425,20.72874372705968,145.20797696499272
2017-03-07,72.0,86.86038832252132,27.170018749341708,143.32905024962284
2017-03-08,64.0,81.13330685014532,22.2239910571218,143.84602656078252
2017-03-09,117.0,77.5110838913847,17.22640973215112,137.5579890533378
2017-03-10,73.0,71.9117614332748,14.045852395188367,129.85925341906798
2017-03-11,79.0,42.181773052099146,0.0,99.84346248535545
2017-03-12,47.0,52.67383944810579,0.0,114.24926541601151
2017-03-13,94.0,90.13655293959258,31.463437108879294,154.43528499852366
2017-03-14,83.0,93.77567078048796,39.170826183658164,157.31763050468768
2017-03-15,99.0,88.0281313608472,28.36100580651645,152.06228623153004
2017-03-16,95.0,84.23021669528617,27.10746858753979,145.34253423163656
2017-03-17,70.0,78.2941140369328,17.302042043900293,143.81144483716002
2017-03-18,50.0,48.042201888610634,0.0,108.4290080393073
2017-03-19,40.0,57.855020301120156,0.0,117.71424332159421
2017-03-20,106.0,94.4908698909968,33.786343968529515,156.31583425090548
2017-03-21,85.0,97.17023669656845,35.20808943676106,157.5269411460587
2017-03-22,96.0,90.3494745717361,32.45230486357295,153.00721609006268
2017-03-23,104.0,85.3884959234019,21.03143574343655,148.33206233349864
2017-03-24,61.0,78.22673726887732,19.622497289679124,142.72781450729437
2017-03-25,70.0,46.71674192564592,0.0,108.3785205301739
2017-03-26,57.0,55.27133964657735,0.0,118.20931375146253
2017-03-27,92.0,90.68238983952556,32.484932719460396,149.66869764121083
2017-03-28,89.0,92.20430933292789,29.744899658960556,146.00911624821313
2017-03-29,63.0,84.32684117170544,21.09136900403344,145.34056873970337
2017-03-30,66.0,78.44184028180598,21.599220338952072,143.26480601370162
2017-03-31,53.0,70.51836705205548,9.646456312497923,130.21254559081186
2017-04-01,48.0,38.43545459051785,0.0,99.86236621444361
2017-04-02,62.0,46.62855114941007,0.0,109.49560140093443
2017-04-03,66.0,81.91038838343252,23.595173377848184,146.39202325463916
2017-04-04,85.0,83.54568953747221,22.999634681170605,146.10608846698423
2017-04-05,88.0,76.03183409174409,13.136741445592996,138.70244857101594
2017-04-06,89.0,70.76261766616983,5.9236633216808645,127.87364627553902
2017-04-07,78.0,63.70322758526732,0.0,126.57739042043136
2017-04-08,64.0,32.72303729680559,0.0,95.26471160306303
2017-04-09,61.0,42.24221940385655,0.0,103.8691598662468
2017-04-10,74.0,79.05015782968854,18.348720796053033,139.81758259202664
2017-04-11,65.0,82.38888761010699,21.23763604652539,141.99896269884803
2017-04-12,50.0,76.72601988182609,15.959197271916128,138.19511163110062
2017-04-13,48.0,73.42192261750614,7.14202643190616,139.73913683852348
2017-04-14,46.0,68.40543674727435,9.316070347820713,131.4303588053742
2017-04-15,43.0,39.507476304001756,0.0,102.91440441011721
2017-04-16,35.0,51.10849181587336,0.0,109.78390178413112
2017-04-17,62.0,89.95775619604412,29.95463505420774,148.8866999762739
2017-04-18,69.0,95.25768019764242,32.18765937079343,161.70698109996226
2017-04-19,83.0,91.43759398068573,29.00298287630088,153.58376793323546
2017-04-20,122.0,89.82174526884357,24.792776673295908,149.9335513741398
2017-04-21,68.0,86.30577509921235,26.13476420209293,148.5348510485363
2017-04-22,81.0,58.69100305322805,0.0,118.98539017334079
2017-04-23,64.0,71.33248670281695,11.410142097856621,131.04001279765427
2017-04-24,101.0,110.95880259957042,49.08751582506913,171.65182470048674
2017-04-25,93.0,116.7567467424685,57.42994699657724,178.9528140776018
2017-04-26,106.0,113.14555422598067,49.81843326982287,174.98712320524322
2017-04-27,78.0,111.44453858135253,51.57290119142028,172.76588421459488
2017-04-28,85.0,107.55010508356332,46.300521509097806,168.17791233070903
2017-04-29,66.0,79.2697790202858,20.22312930186576,145.8712863542716
2017-04-30,56.0,90.97006571441818,31.477008239496378,149.63695547381678
2017-05-01,107.0,129.3959280185754,64.46114185849392,190.035977526905
2017-05-02,102.0,133.75508910317876,73.55001956272342,194.13113581330336
2017-05-03,91.0,128.491602572912,66.4845272702396,186.77205047062358
2017-05-04,95.0,124.95345028826222,62.8440836023182,185.81988296940239
2017-05-05,94.0,119.06844279232732,56.76833182649911,179.32155143901167
2017-05-06,95.0,88.67777161049828,28.000220986350822,150.70849825818786
2017-05-07,100.0,98.18319844620243,35.34189941989557,157.7065141135206
2017-05-08,100.0,134.3658511713444,73.03563893365026,196.0901305571508
2017-05-09,130.0,136.46984874439136,76.76759859556698,197.3914606405324
2017-05-10,105.0,128.97521056839417,66.17709180981754,193.36298475999175
2017-05-11,115.0,123.26482302388291,62.595971300560954,182.6511211802228
2017-05-12,108.0,115.2997490934574,55.069312351009266,177.23020543453728
2017-05-13,66.0,82.95223984082284,24.733486794543364,145.27531737632003
2017-05-14,93.0,90.65244062183478,28.139278052634157,151.40397769788507
2017-05-15,164.0,125.20676807564382,62.75219885240217,188.09051767008495
2017-05-16,141.0,125.88118446107967,62.93948132933254,187.43615086142458
2017-05-17,127.0,117.17382760608514,53.274438690114835,178.15719985508292
2017-05-18,123.0,110.4817703673298,46.99074026827773,171.59753748922608
2017-05-19,142.0,101.77619521124862,37.880462717564384,161.8519714147922
2017-05-20,65.0,68.93534111207971,7.502888548422466,127.73766348520635
2017-05-21,144.0,76.3912126295139,17.82730927390305,139.7834199613555
2017-05-22,133.0,110.94802404434675,50.5497164760878,177.7078638739124
2017-05-23,114.0,111.86560016230317,56.21159406409276,179.2651201398547
2017-05-24,141.0,103.6321873442142,42.38612769741762,169.70825833220593
2017-05-25,102.0,97.63144328593444,35.910736134826045,159.82463166123657
2017-05-26,72.0,89.81788566163343,27.197951166206018,149.5674718938619
2017-05-27,77.0,58.05015124843393,0.0,121.35489367792215
2017-05-28,83.0,66.7380502309703,7.961655527289189,129.55467160941384
2017-05-29,143.0,102.66138280476176,43.96726362210512,168.11434190447702
2017-05-30,92.0,105.0537352293032,43.1935310453517,165.03803507605983
2017-05-31,119.0,98.37570392668079,40.89179573173633,160.44478472093766
2017-06-01,111.0,93.98231178221155,30.42192753937877,157.75254217549133
2017-06-02,117.0,87.79889259462023,29.4897615391494,147.47698538663988
2017-06-03,84.0,57.654791327393674,0.0,122.38320872780587
2017-06-04,81.0,67.93086102232428,2.2899057968011522,126.55277828280994
2017-06-05,144.0,105.37871970454982,46.91208180540693,169.3034379295496
2017-06-06,127.0,109.2049805947035,46.93473384959061,172.39142872087953
2017-06-07,131.0,103.84490026018678,40.39194012916662,164.56253203431146
2017-06-08,139.0,100.63020468891716,42.070207895669775,161.34818510505207
2017-06-09,103.0,95.4653647837014,34.93640853235519,156.8089141061438
2017-06-10,74.0,66.16166416485211,4.935359973070702,124.035951115763
2017-06-11,104.0,77.08503504328962,19.755633263265302,140.12308361330588
2017-06-12,113.0,114.97562023625783,52.95487717235258,178.54507033847366
2017-06-13,108.0,119.03226815104655,61.17609757691367,180.6060507308096
2017-06-14,110.0,113.68640108972338,54.9640793564305,171.383255160245
2017-06-15,97.0,110.27000930536738,47.08053917294667,171.25433901706018
2017-06-16,82.0,104.69203723160093,44.297246177027006,163.4245945950949
2017-06-17,74.0,74.77249899073902,14.252384197607913,136.00527551397056
2017-06-18,93.0,84.89029377716653,21.57858048010942,145.74955881835632
2017-06-19,136.0,121.80267453740117,63.41904580733053,181.72064683785098
2017-06-20,89.0,124.72957398870824,63.80897360564548,187.88461004791137
2017-06-21,34.0,118.1272242821519,57.67444909524978,182.78230666147687
2017-06-22,73.0,113.35582325019318,53.932804116164746,175.55802503649312
2017-06-23,87.0,106.35551333783438,45.173717519666674,172.34617800192046
2017-06-24,61.0,74.9800126989122,17.813786309408375,134.54753645557128
2017-06-25,90.0,83.64387315491291,23.342631399908274,142.4608248618378
2017-06-26,64.0,119.14132451689949,57.56821224275509,181.13254151039231
2017-06-27,134.0,120.7299174151802,58.58256524478371,185.93642536249558
2017-06-28,100.0,112.9034110507411,53.835534208892796,175.2080361973053
2017-06-29,106.0,107.05867084863138,44.91394737749054,170.10924128862547
2017-06-30,78.0,99.1708559357725,37.09975789910827,161.64913714711707
2017-07-01,87.0,67.12625132649494,6.230561156247208,129.16586426762504
2017-07-02,99.0,75.36873621564004,15.531801391394211,139.76581396839762
2017-07-03,110.0,110.71786555363587,48.55532441962924,176.57291919680205
2017-07-04,104.0,112.45179530171406,53.923235565581784,178.4285705904709
2017-07-05,154.0,105.07951626436429,43.045306720458385,165.24750799921466
2017-07-06,128.0,100.00717917234098,34.70604006544157,166.47716072738072
2017-07-07,122.0,93.21280900203338,32.136058760998566,151.96408670041404
2017-07-08,78.0,62.57877859651833,4.980746602842782,129.55306202357036
2017-07-09,77.0,72.53804754751889,11.385198161573372,137.84616224105613
2017-07-10,126.0,109.89215531718249,44.983207998973974,169.72602579114485
2017-07-11,144.0,113.89420816548403,49.89082445261218,173.7515922377792
2017-07-12,135.0,109.02133075531627,45.31838406838824,174.4521916366623
2017-07-13,129.0,106.64136811733232,48.67169308292798,169.89696340635854
2017-07-14,132.0,102.68813410202729,39.69882455266745,162.91907477272497
2017-07-15,78.0,74.99457224403398,12.00203767016817,135.65358200356135
2017-07-16,118.0,87.93982575867484,24.941834105529868,145.97223747547426
2017-07-17,160.0,128.26819299644708,68.1057774043961,186.79411827389112
2017-07-18,202.0,135.17319144749723,77.3499360995784,201.6997960360342
2017-07-19,144.0,133.07118119530725,72.99969294800236,193.35313068937774
2017-07-20,155.0,133.2693103932615,74.1718609703276,197.2149333462923
2017-07-21,99.0,131.6420530870701,74.93890939239871,194.37440156826474
2017-07-22,90.0,105.96567736204568,44.84770330115385,170.032295769423
2017-07-23,82.0,120.56661106177661,57.9868194303119,184.66521042119632
2017-07-24,152.0,162.1416510951914,106.65201509633222,226.08331579315325
2017-07-25,136.0,169.84320901169366,105.57627837563429,232.45067299720927
2017-07-26,123.0,168.05401399580722,110.16831634185566,227.69992501995927
2017-07-27,114.0,168.05600754616714,104.57496759475615,226.7277698280415
2017-07-28,132.0,165.70767407787662,101.54629566489605,228.74255173231683
2017-07-29,113.0,138.77912214916864,78.85714917028021,201.42317472444824
2017-07-30,111.0,151.60086422403424,94.82134172490248,210.4454375107724
2017-07-31,121.0,190.88422543909985,128.87197541770578,250.3081570337686
2017-08-01,146.0,195.8065635682034,129.0020462958634,254.8703261063131
2017-08-02,129.0,190.78571586553846,126.84865550168412,254.34725337780299
2017-08-03,131.0,187.14840702590007,121.15247931078255,247.62681598724393
2017-08-04,133.0,180.80686803243287,119.20692115936153,236.26113775940576
2017-08-05,113.0,149.59299183806547,89.5252136591141,211.19780712670843
2017-08-06,90.0,157.90599015849114,102.3763820203352,217.47100392741447
2017-08-07,149.0,192.53150381199777,127.95828960449334,254.5630194086884
2017-08-08,207.0,192.72537518264716,131.25853155320067,249.25125547425847
2017-08-09,119.0,182.98652918219753,121.66709821021396,248.12208683353444
2017-08-10,133.0,174.72373112899385,108.01400370647862,233.4546627093785
2017-08-11,143.0,163.93050821122864,104.55218118875551,230.18839062643096
2017-08-12,81.0,128.51759922320747,67.81041681259634,187.11708531752382
2017-08-13,82.0,132.95893650020935,70.49761963323895,192.71511553623446
2017-08-14,129.0,164.1091520582673,99.81451132705072,228.8978717276284
2017-08-15,162.0,161.28585501026973,96.25287418569822,217.36217863747592
2017-08-16,159.0,149.0411630608458,87.64139033742998,208.61747997378947
2017-08-17,128.0,138.82728990603198,77.26315517053732,203.007534915315
2017-08-18,127.0,126.67050469732243,66.42101666588758,184.42589928405968
2017-08-19,98.0,90.50285303271832,31.30164647589645,152.05071153515814
2017-08-20,97.0,94.80766275820113,32.441291569056006,157.47720299058133
2017-08-21,178.0,126.43683992604736,64.4781647675557,186.32682820273794
2017-08-22,137.0,124.69320914390443,58.49451812401866,186.87155628566708
2017-08-23,131.0,114.10238106871815,51.45440489947879,172.19455022077278
2017-08-24,111.0,106.07894281830934,45.562410516444956,166.71450631678374
2017-08-25,108.0,96.60127419803337,35.04908665350915,157.69391787266812
2017-08-26,89.0,63.54435977156746,0.0,130.3704227406023
2017-08-27,124.0,71.32659463044322,8.681887304784732,131.8398671419756
2017-08-28,151.0,106.72855845435345,48.82598366304152,166.8666034470839
2017-08-29,117.0,108.97697649581923,44.19841322696727,169.62671433941676
2017-08-30,170.0,102.51831145424754,45.85163280848485,162.56609184163972
2017-08-31,132.0,98.68673970636183,40.498546591691024,160.12533431297993
2017-09-01,151.0,93.3807713364267,30.47398568777426,151.8819254058746
2017-09-02,106.0,64.39783972528922,6.924984448193908,126.88082141207498
2017-09-03,96.0,76.08281487158476,13.960330723849854,134.86056517763004
2017-09-04,128.0,115.14837304316026,55.278904149909785,176.70482715788512
2017-09-05,174.0,120.76040219023533,53.45326360510975,178.76476805490057
2017-09-06,118.0,117.31285170753377,63.02988416365326,180.33387317875832
2017-09-07,82.0,116.09674940606178,55.319550539171914,176.04486691100425
2017-09-08,101.0,112.97762012191859,54.39815667472246,173.54651953827423
2017-09-09,91.0,85.73061297492248,16.8356563701084,143.39729111989948
2017-09-10,126.0,98.68927949052892,33.852888109714435,165.04968934776633
2017-09-11,147.0,138.56593034566282,81.88092996887798,200.22410132763983
2017-09-12,203.0,144.53675260359913,80.92493218262268,208.74295996139557
2017-09-13,165.0,141.0161056528936,82.19236308427347,198.82791275764413
2017-09-14,169.0,139.32473550820475,81.30652167325277,198.3695557724092
2017-09-15,126.0,135.36616478927849,72.35707320588853,196.7762652929301
2017-09-16,113.0,106.96059484113904,47.22043379853774,167.14849143976357
2017-09-17,119.0,118.49229636749165,52.16968037566694,179.1984264604356
2017-09-18,199.0,156.7284549400419,99.20085314313383,223.86741428207236
2017-09-19,145.0,160.90269503269704,100.54309398474234,220.85511913362816
2017-09-20,150.0,155.48774470790352,97.65576307109329,213.26551391330315
2017-09-21,144.0,151.8620252335865,92.62780681253025,205.47903063763286
2017-09-22,123.0,145.98446771397383,83.00269569025528,203.92115305851857
2017-09-23,91.0,115.72693580977166,53.60103412213589,174.5803069631276
2017-09-24,102.0,125.52027128139814,65.19134860303136,184.6075885132477
2017-09-25,115.0,162.17196506645635,104.0838491400359,226.68648793252177
2017-09-26,165.0,164.94870909271148,102.06531002205836,217.24799351220923
2017-09-27,138.0,158.34831678718965,95.63538435304878,221.44707218166792
2017-09-28,134.0,153.76581596046248,92.88812282789002,213.27372334340714
2017-09-29,111.0,147.1680285589085,87.05044275504422,210.29532720080618
2017-09-30,94.0,116.42602142297292,57.05387833656842,177.371298837847
2017-10-01,110.0,125.96144234182873,66.33516068897858,184.67314671855905
2017-10-02,130.0,162.5647342192635,105.01560765154944,225.83291057369323
2017-10-03,182.0,165.47846545677385,104.4164785311044,226.53470576249066
2017-10-04,137.0,159.17024068178478,97.38964633633388,219.67789372817148
2017-10-05,135.0,154.99996558119875,88.63567085941719,216.11280011055203
2017-10-06,141.0,148.89574515174323,87.13452196174482,210.10224972043025
2017-10-07,88.0,118.68775998168081,58.93029775706458,178.96457043902035
2017-10-08,118.0,128.75609226452733,66.13803754371601,190.96650686167814
2017-10-09,176.0,165.85044959301197,104.443640086993,225.85790373500242
2017-10-10,160.0,169.17497925572246,112.78182989821083,230.95678795416183
2017-10-11,135.0,163.16259226870227,103.4426358844739,222.81693029718565
2017-10-12,113.0,159.14352782346904,96.43264756912835,224.73858061805547
2017-10-13,141.0,153.02239742665307,93.44005934885666,212.01186900610938
2017-10-14,92.0,122.61301756027918,64.94962596168631,180.6999968194961
2017-10-15,109.0,132.28697189480044,74.20255246643268,195.83427469390523
2017-10-16,167.0,168.7938267600055,107.18770915657353,227.82639424323906
2017-10-17,217.0,171.34617501556232,110.85854898014519,228.76429227765547
2017-10-18,192.0,164.3939174627867,101.55087875059637,225.46623305573522
2017-10-19,155.0,159.29251017200716,98.44852821425317,216.09684963065507
2017-10-20,93.0,151.97942261203048,88.95877369212249,212.44246152182484
2017-10-21,106.0,120.30812885267801,59.78204791516214,177.20792009039562
2017-10-22,146.0,128.69559383931198,66.4759045301844,190.25431419778386
2017-10-23,158.0,163.941206410758,99.76073657882058,220.48907320852348
2017-10-24,153.0,165.31036845307605,102.80548487716509,227.11014400111972
2017-10-25,131.0,157.3071889612633,96.0090216675908,218.66325085657795
2017-10-26,139.0,151.34105533718724,87.07429405222629,212.436081466165
2017-10-27,109.0,143.40137390036716,81.5359172671535,208.50450282315873
2017-10-28,84.0,111.38985082589303,50.64794388630548,171.64749230360576
2017-10-29,140.0,119.76632495632948,63.000483236182475,184.59945639226464
2017-10-30,139.0,155.36615137607637,89.54783649504296,212.3266122117199
2017-10-31,145.0,157.48239833286766,98.59239396513286,222.78414243852652
2017-11-01,114.0,150.6373354320648,87.2238145297027,209.9253651950895
2017-11-02,103.0,146.2480371660819,85.96486971232845,211.34988350401935
2017-11-03,143.0,140.30041911964966,76.10206418390321,199.1626436204915
2017-11-04,106.0,110.68110481840336,53.94478557477838,173.6740039477682
2017-11-05,135.0,121.82315246162662,63.10205030230482,182.96984190589905
2017-11-06,149.0,160.5236514264016,102.94819866666373,222.0557250033678
2017-11-07,141.0,166.02644540626062,103.3969083957229,227.91659830100707
2017-11-08,152.0,162.79446624600808,101.46243014966699,225.1196611667548
2017-11-09,158.0,162.17647279585708,104.46553629235808,226.75528331053115
2017-11-10,162.0,160.08249469182167,101.92582993821306,219.7325144297884
2017-11-11,131.0,134.31734576077724,74.68631688228182,197.25734460179652
2017-11-12,133.0,149.2281975320552,85.67566990298293,207.453934889929
2017-11-13,186.0,191.5241780916537,131.32483242655707,249.8535875312246
2017-11-14,173.0,200.36120373385387,135.63610198103305,262.76684146200324
2017-11-15,177.0,200.11647457288402,138.68620411681923,260.3473632039702
2017-11-16,232.0,202.0573734224251,140.6708690174984,260.03282099846393
2017-11-17,175.0,202.0190121561016,143.97178668826658,261.55543565154346
2017-11-18,141.0,177.73973534065973,116.47859316034433,236.07144669074643
2017-11-19,135.0,193.51051896178598,137.1316030183729,257.6802506972888
2017-11-20,181.0,235.99618046508374,175.11361944741097,299.51087231359895
2017-11-21,190.0,244.32156352127765,190.02608873300835,307.0679925579695
2017-11-22,188.0,242.69483534930748,181.33701579662778,300.5025262262182
2017-11-23,273.0,242.53388242041402,184.10430163926432,306.7128527453427
2017-11-24,1074.0,239.687471709707,179.27503048952295,304.06602765494404
2017-11-25,466.0,211.92302774929806,152.8842162794951,269.89201808416544
2017-11-26,347.0,223.5756812683895,163.31123106613757,284.66517002857404
2017-11-27,374.0,261.36876555035826,194.53802924432813,317.81359701133783
2017-11-28,348.0,264.4989376113634,200.99312053706015,321.5927498019665
2017-11-29,291.0,257.41034010582194,193.07758731795406,317.545313389944
2017-11-30,233.0,251.4625435954391,189.3826443257756,310.90386321570355
2017-12-01,278.0,242.60652940545117,182.75216963730077,301.1713784390482
2017-12-02,184.0,208.71805423651767,145.49648757863585,270.5000075206092
2017-12-03,205.0,214.24438037546537,152.94618756274744,273.54488073742266
2017-12-04,269.0,246.02234729833023,189.75018799689713,307.99338581894136
2017-12-05,248.0,243.361019730757,185.56843941611947,298.5360514726342
2017-12-06,253.0,230.81338741557937,170.22398125886713,286.5378818180632
2017-12-07,181.0,219.84191544141373,160.10033050501482,283.7078507375904
2017-12-08,183.0,206.492262946188,141.78634919310082,267.4036766504557
2017-12-09,126.0,168.7245658583396,108.67044787232138,228.6570693946402
2017-12-10,174.0,171.05831753762587,112.20818595604028,231.35640605193677
2017-12-11,227.0,200.38886738612288,136.1886116932248,262.61333075765646
2017-12-12,228.0,196.06880991520072,135.6840593844498,258.13570291545346
2017-12-13,212.0,182.67876914236183,121.1656529812525,240.61448867580242
2017-12-14,163.0,171.69239827379812,109.39390968023021,234.8738418579118
2017-12-15,152.0,159.0017955496406,97.3681851665217,219.6911083529024
2017-12-16,123.0,122.69337964707046,62.66340948480809,185.89947449080282
2017-12-17,129.0,127.24896193119416,65.6926902700237,188.6019671060156
2017-12-18,180.0,159.51130984876147,97.02431201312713,221.3648600324378
2017-12-19,162.0,158.76680451535645,98.07451139767939,220.96610707889158
2017-12-20,162.0,149.51779388174106,90.14344379415857,207.7866759201849
2017-12-21,127.0,143.14942177195823,80.68338043164647,201.57709516722196
2017-12-22,98.0,135.60521688333353,75.03635257024848,196.52967848535909
2017-12-23,94.0,104.72078944558953,46.11702963725726,168.42873740430255
2017-12-24,50.0,114.87160847924656,57.108494124396294,176.85583949711406
2017-12-25,90.0,152.79280745057102,90.57385974062112,212.71378323313107
2017-12-26,153.0,157.6642090753187,98.71204008648299,219.63090604983148
2017-12-27,136.0,153.88498507482268,91.73126658683543,214.55159723043613
2017-12-28,110.0,152.74267671894458,93.46924705304812,213.31167347546756
2017-12-29,127.0,150.09080927434024,89.71231967830595,210.66290640941133
2017-12-30,88.0,123.68440182718017,63.55231097397979,181.85657535308388
2017-12-31,64.0,137.8293050573626,77.44325010458394,199.7288406734675
2018-01-01,57.0,179.2032812256875,123.20498144085933,241.09291900512414
2018-01-02,193.0,186.9419911856157,124.76558061549105,251.4270824049544
2018-01-03,181.0,185.41428644836517,124.80421340656632,245.69488963608723
2018-01-04,240.0,185.89152287361725,126.29818446031113,246.58860953264792
2018-01-05,194.0,184.22512847598827,121.57980578115996,246.609795058647
2018-01-06,193.0,158.18173472069265,99.15403766751118,220.00967979984208
2018-01-07,160.0,172.0918199944741,111.97897434702777,236.9840724434763
2018-01-08,246.0,212.5474195367294,151.57056576454912,275.6289326557108
2018-01-09,215.0,218.8540161477604,158.72025345101366,284.68070135868237
2018-01-10,227.0,215.43720889386398,156.38297011330337,276.9914300775464
2018-01-11,263.0,213.632755703328,154.5643295804231,276.58543940282357
2018-01-12,244.0,209.36234913884905,151.44277879678734,268.66696648665874
2018-01-13,195.0,180.4668666361885,115.63454069786111,239.9493893458499
2018-01-14,204.0,191.35309333596675,130.26074545891797,256.5971718585491
2018-01-15,268.0,228.8119049619481,167.13233779105852,288.2994115957703
2018-01-16,283.0,232.10115436621732,172.97713077508206,290.06923845906147
2018-01-17,240.0,225.71774206281384,166.47723930239744,283.39392798752755
2018-01-18,216.0,221.06367089969874,161.4810470702993,284.62031773920785
2018-01-19,203.0,214.12040002879573,153.79777211571002,276.8015781969416
2018-01-20,154.0,182.78088717204307,122.87019977515916,244.8895002283116
2018-01-21,176.0,191.49534242987957,134.76799823241882,255.98671296014817
2018-01-22,276.0,227.08869931803966,165.11659735805645,288.8628246559908
2018-01-23,257.0,228.84305765499312,169.1848609828222,288.64245686933987
2018-01-24,215.0,221.26958224646012,161.5017813292066,285.38214883836736
2018-01-25,223.0,215.77465382218557,155.12822954499566,280.61913631793396
2018-01-26,199.0,208.33457662298395,149.1968444423317,270.95478946789734
2018-01-27,135.0,176.82821424879683,116.4423406808772,233.24872175545977
2018-01-28,129.0,185.68355361340411,124.80849471923584,248.97554472602027
2018-01-29,203.0,221.6961740390172,164.21023733513954,284.6534357804377
2018-01-30,232.0,224.1128431095653,162.9347599626974,286.15963277152815
2018-01-31,214.0,217.30697969366375,155.2916112673459,282.50262589468326
2018-02-01,223.0,212.73927776930722,145.06744776373884,274.6153199741606
2018-02-02,196.0,206.3406839498578,150.59149006052965,266.25877883888904
2018-02-03,161.0,175.9441320941079,114.97867384626834,233.58385888686476
2018-02-04,175.0,185.93246017231496,128.66956439786827,249.55779281728567
2018-02-05,242.0,223.05815684738414,164.72675511077236,287.2100915664355
2018-02-06,248.0,226.52812572257068,163.0178010760939,286.8092214971564
2018-02-07,225.0,220.77788511481444,162.13564537023439,285.9373408180301
2018-02-08,185.0,217.13993612258932,158.02968893284375,275.89629742591757
2018-02-09,171.0,211.52054380757738,146.82910172353715,271.52547851265774
2018-02-10,139.0,181.73424919358607,122.60555535902361,246.0586868714496
2018-02-11,158.0,192.1520650645238,134.26380794999113,260.2732195782576
2018-02-12,186.0,229.52129392326972,165.52412995337014,289.46708482379404
2018-02-13,200.0,233.05016014795308,175.1076248701506,296.9751826200699
2018-02-14,285.0,227.18168405514723,165.9595367507271,289.15164329744204
2018-02-15,231.0,223.26154585375696,161.68970033761457,286.98229086802735
2018-02-16,198.0,217.21420433865165,158.7637936834206,276.4162627428726
2018-02-17,172.0,186.8766121953174,124.25746285031633,248.67916781162646
2018-02-18,194.0,196.6455084252769,138.0665031832657,261.43947748832574
2018-02-19,227.0,233.29625627868364,176.3321691415321,295.5718850072156
2018-02-20,238.0,236.06645033714898,173.31241705377428,296.7529352809516
2018-02-21,244.0,229.42875269442843,169.35318855226976,291.9965904681959
2018-02-22,287.0,224.7577381511467,167.8105518894914,285.11121012494186
2018-02-23,222.0,217.91654159666194,161.32370569127758,279.4151006090881
2018-02-24,161.0,186.85518990023897,123.6378504795685,249.61943975193418
2018-02-25,213.0,195.99160081902602,136.60552720980525,254.3425945782338
2018-02-26,248.0,232.11826312791032,169.7409772769996,295.6484404481037
2018-02-27,308.0,234.48532770377355,175.23360628329854,294.96472561376777
2018-02-28,274.0,227.57308520561747,165.6501189598915,288.88122456855876
2018-03-01,239.0,222.7586186566248,162.2502252614058,284.37137672676624
2018-03-02,244.0,215.99092977059095,156.38298870814435,279.54557021957413
2018-03-03,173.0,185.12390768474694,125.78508849979032,250.24167624331187
2018-03-04,182.0,194.56313953290672,138.1248141769365,256.77692622076563
2018-03-05,255.0,231.08454188701583,169.24187430798563,291.68543742993785
2018-03-06,242.0,233.91803889398068,174.4401784424072,297.1387624674065
2018-03-07,224.0,227.52074085911914,166.16193297150298,291.2245550553175
2018-03-08,227.0,223.24438892662937,166.51880352836662,285.29374092835826
2018-03-09,166.0,217.0113396170416,156.04488109975813,274.852531955866
2018-03-10,173.0,186.64843113624232,127.42311161768421,248.60652105431345
2018-03-11,196.0,196.53470328356363,133.52767674820032,259.1963557934821
2018-03-12,192.0,233.4209223355053,172.42565761606625,292.0827573474417
2018-03-13,216.0,236.51410983840424,177.9686529692473,297.9730165829324
2018-03-14,178.0,230.2515037005533,172.0960757349243,293.8295209339934
2018-03-15,245.0,225.96869411559462,168.5631587593195,288.8702499647215
2018-03-16,243.0,219.57618784668227,159.780084309465,279.86568137023926
2018-03-17,143.0,188.89372598846063,126.75018539563423,248.84175727418048
2018-03-18,182.0,198.29831411223412,141.32357859415157,266.04654366359557
2018-03-19,271.0,234.4798746414584,171.06472934775744,295.0773212471558
2018-03-20,290.0,236.71788010690267,178.26618189802193,298.3874390486168
2018-03-21,263.0,229.463067739313,173.47374888277145,290.49228320909907
2018-03-22,234.0,224.0693105694412,160.79387146135926,280.3625793137806
2018-03-23,192.0,216.46974331198035,156.17728913564906,279.83151212301954
2018-03-24,155.0,184.51051367449242,126.11019815796188,246.02896380944674
2018-03-25,178.0,192.5981342323672,128.10927003463306,249.96915092740596
2018-03-26,269.0,227.51839678129912,171.40474922938313,288.4157070554464
2018-03-27,233.0,228.5200654711363,166.44408420605814,290.9873155837749
2018-03-28,195.0,220.0878007563118,156.4270510540647,280.8909574544547
2018-03-29,183.0,213.60908586784967,149.06890498248234,274.0545473471441
2018-03-30,159.0,205.04944315977068,145.3279533222623,267.4287130767679
2018-03-31,146.0,172.28530291474377,108.3367707147178,232.5980930090583
2018-04-01,174.0,179.75052353857063,111.65720356887941,241.91262985121233
2018-04-02,253.0,214.25454723218587,154.85869503518492,276.1817060173458
2018-04-03,213.0,215.06542742813286,155.91170603453438,279.13286096347775
2018-04-04,207.0,206.68219729223046,148.7231558499051,263.88748675554916
2018-04-05,235.0,200.50136511845588,140.80334949379062,262.27201448176044
2018-04-06,165.0,192.49183460868352,125.54539951339132,252.8643631096261
2018-04-07,146.0,160.52761954515972,98.55033843651053,220.90709688409464
2018-04-08,160.0,169.0343548660879,108.01911768678089,230.59619442303983
2018-04-09,218.0,204.80758745278393,144.80095552509115,265.7037327146638
2018-04-10,185.0,207.09607836541912,146.95778361312756,265.39120335908285
2018-04-11,264.0,200.32279612022793,134.2417789814343,255.8425636298685
2018-04-12,214.0,195.9072832883272,134.66072506459872,257.1420569696016
2018-04-13,210.0,189.7858643037785,128.55376610143966,250.50007956646647
2018-04-14,135.0,159.79686290719076,100.7922288759824,220.24684515289897
2018-04-15,207.0,170.32790453904263,104.24512549025053,233.86108194368612
2018-04-16,257.0,208.13504830504976,146.48493909007615,263.62365631806694
2018-04-17,236.0,212.4269591070225,150.67747758717368,276.6124228095803
2018-04-18,235.0,207.6385596698662,147.5226621835103,268.5465113911833
2018-04-19,284.0,205.0989156923372,147.61890688661566,264.72588005480907
2018-04-20,166.0,200.70761740268554,137.68107145042484,258.2956858786648
2018-04-21,120.0,172.26899115465034,113.86787816570036,229.69012399108547
2018-04-22,181.0,184.14010699462216,121.36933754288349,248.84423178601367
2018-04-23,263.0,223.05053016106328,157.74910652718265,284.4948819284713
2018-04-24,249.0,228.18701452132098,164.75817779568985,290.1017954882109
2018-04-25,239.0,223.96756783096208,165.73525503367023,284.88745557466626
2018-04-26,231.0,221.7096351023288,161.54287462220077,282.23001867874615
2018-04-27,226.0,217.30665940857443,156.35113835791944,279.08271482623775
2018-04-28,129.0,188.56235278089684,122.58754823894277,249.25783468101645
2018-04-29,135.0,199.83864504779362,140.05142327974409,266.6245108587614
2018-04-30,250.0,237.8752632282858,176.35375677846955,301.09851372336664
2018-05-01,243.0,241.87414664384787,179.8576099258683,298.35331228543976
2018-05-02,273.0,236.27313701247496,174.20480297960057,297.51867955205887
2018-05-03,287.0,232.41370108222293,167.80606720890708,296.9691000797033
2018-05-04,233.0,226.21695791826554,160.37456068268114,289.7196314107866
2018-05-05,162.0,195.51735742036283,133.78057645465557,254.42031638363858
2018-05-06,167.0,204.70999256183362,144.81527240601096,267.73536270843164
2018-05-07,313.0,240.5695129302946,175.31403048626856,298.53273059059757
2018-05-08,296.0,242.33385963682287,181.3935517971652,306.9517368219748
2018-05-09,297.0,234.47727533047401,171.41236804011766,292.16879743665976
2018-05-10,260.0,228.37736058897536,164.76211596882794,290.27035420720557
2018-05-11,230.0,219.9904614608132,157.11135935659692,277.86255969021204
2018-05-12,194.0,187.18474610670108,125.24307292675411,246.84555420364296
2018-05-13,195.0,194.38696292109637,126.67580607534005,255.44850536806413
2018-05-14,313.0,228.40085598502907,170.19093262295635,287.1539435760739
2018-05-15,315.0,228.49046449733066,167.04457508898687,291.19164931777135
2018-05-16,286.0,219.15276478084758,156.079457788126,282.29763920218466
2018-05-17,199.0,211.78442930116756,145.3016059061082,273.2249473980354
2018-05-18,226.0,202.35698902598676,141.02175647644987,265.6289557063807
2018-05-19,137.0,168.74975711871812,110.14084640809604,229.5375523417627
2018-05-20,140.0,175.39650504135807,116.97620304450632,237.4435900538023
2018-05-21,176.0,209.10386442915845,148.03963516388302,265.0088408940999
2018-05-22,194.0,209.1346779090701,152.5419152336904,268.79148508515715
2018-05-23,129.0,199.98075319051668,139.9074864830736,258.00277658324967
2018-05-24,100.0,193.0297900132512,127.31385075956759,248.78599181669577
2018-05-25,107.0,184.2407610282102,123.32764649538431,247.68976118915873
2018-05-26,84.0,151.4770991372771,90.53202682431564,213.68804658265918
2018-05-27,95.0,159.15367683502333,101.63641098758761,216.3443224776342
2018-05-28,127.0,194.05554545544007,133.5038411504044,255.01315617209593
2018-05-29,129.0,195.42165220445418,128.21784124750917,251.93552398956686
2018-05-30,124.0,187.71798425562997,123.669553477634,252.024620536069
2018-05-31,112.0,182.30490472428386,116.5345316090884,242.8930302562568
2018-06-01,168.0,175.11295710545667,115.65197540289437,233.29063999356896
2018-06-02,119.0,143.9764864778221,80.40041900938071,207.27020724762113
2018-06-03,194.0,153.2810590051777,92.76134070702518,214.20121253092444
2018-06-04,208.0,189.78264377792462,128.9505186759659,250.56190882135738
2018-06-05,174.0,192.69177107952711,130.75410798142732,256.40135193751235
2018-06-06,209.0,186.4471125426051,125.64166087338981,249.59744918593404
2018-06-07,216.0,182.38324408403275,121.61518260699279,248.4113911875102
2018-06-08,185.0,176.40686409134418,116.86957808405924,238.13357886739777
2018-06-09,142.0,146.33081078657415,79.92442758029098,202.93368646892705
2018-06-10,189.0,156.52185561777242,94.17808986275192,221.3942736008696
2018-06-11,250.0,193.72023170324348,134.03428310016733,254.53719879012849
2018-06-12,230.0,197.12410607552215,131.9690085917008,256.8970290640686
2018-06-13,212.0,191.1634355588277,129.18055027667475,249.89758769759501
2018-06-14,189.0,187.16796132973326,123.04560547729874,247.66836037974932
2018-06-15,161.0,181.04360868565993,117.16389161544895,238.7257020188174
2018-06-16,137.0,150.60663003606754,89.99453222624773,210.76443116211237
2018-06-17,131.0,160.23146226252243,99.32353288182445,223.1342095890854
2018-06-18,218.0,196.6702521732871,139.57423850989412,259.3977017767187
2018-06-19,192.0,199.1372541184535,136.548081310213,262.13757805564177
2018-06-20,211.0,192.08253576757605,129.49043491244672,253.91525812391686
2018-06-21,213.0,186.85974434654574,129.2366486514266,248.35914422363942
2018-06-22,151.0,179.40219840886866,118.08936904406453,243.83066565992493
2018-06-23,140.0,147.55664322397283,89.94334603176026,207.0358500717297
2018-06-24,168.0,155.7306426946791,93.41897313449151,214.58984115250007
2018-06-25,213.0,190.71156514962124,133.11659084287038,253.16799091108567
2018-06-26,241.0,191.75037265215136,136.01559123306572,254.59414084088695
2018-06-27,183.0,183.3346574276896,120.38862667122886,243.37539033364249
2018-06-28,214.0,176.85568731375537,115.48489094375721,238.51316004346023
2018-06-29,148.0,168.28373687849643,106.99142679088118,225.11801970556945
2018-06-30,99.0,135.5010556840232,71.75286236963035,198.9841391387315
2018-07-01,143.0,142.94846163718043,78.57564837270857,202.02727249052685
2018-07-02,159.0,177.44353317970732,115.5427530938662,239.369431520859
2018-07-03,182.0,178.2636274249712,114.33553206898506,237.0649321858638
2018-07-04,236.0,169.91818599034735,110.8331440212124,236.77456042108298
2018-07-05,168.0,163.8151088392841,107.49154882516818,222.8183835359523
2018-07-06,106.0,155.93549098975635,90.82407602219136,214.39562013563736
2018-07-07,80.0,124.16609109134318,64.79710053900155,188.04882766867476
2018-07-08,100.0,132.94553615656002,69.69513478315243,197.34833195310927
2018-07-09,120.0,169.08225085942937,109.80974257775686,223.54468421766913
2018-07-10,108.0,171.83735100758068,110.57151475892346,236.0800878322465
2018-07-11,109.0,165.69697281987214,104.81011215489549,226.037392333321
2018-07-12,96.0,162.03882519021272,101.33074978841302,222.6549708175503
2018-07-13,138.0,156.80726329663221,98.17227083682653,221.57268844628766
2018-07-14,117.0,127.84625242556828,62.62020178318839,188.8175079488995
2018-07-15,118.0,139.54622234468735,73.49166180632047,196.4882343313662
2018-07-16,187.0,178.66279277219004,110.26640693501194,239.03444384077255
2018-07-17,188.0,184.4005977787171,117.72748474653521,244.84740062017192
2018-07-18,268.0,181.18666519654468,120.54174916871798,239.538179895342
2018-07-19,236.0,180.33811909081933,115.20799617615559,243.95644732146715
2018-07-20,211.0,177.7384812864161,117.45631606102522,241.0539492305784
2018-07-21,166.0,151.17191564467112,88.63358751136242,210.3700157008107
2018-07-22,189.0,164.9713879550931,106.3397990407325,225.10995519590696
2018-07-23,284.0,205.83869283920652,147.95991385913808,271.5162936108656
2018-07-24,227.0,212.92954533149688,151.9878479441942,276.72628194949345
2018-07-25,232.0,210.6281627581973,148.2583218899636,277.1152864598972
2018-07-26,233.0,210.21607498023906,146.75005074932238,274.4533003540661
2018-07-27,177.0,207.54941025351528,149.70222983733132,270.29626725705253
2018-07-28,146.0,180.39397367344523,118.64318307457748,239.2857773005731
2018-07-29,161.0,193.07406710083603,132.80771502013522,254.22906533464695
2018-07-30,251.0,232.29298144683912,169.75597557857378,296.52747055279485
2018-07-31,259.0,237.21834254620245,175.88853664495227,296.99343396880204
2018-08-01,274.0,232.25672441627955,171.05277361547462,291.06001264751586
2018-08-02,233.0,228.72226120136872,168.67082649753252,286.97548836153186
2018-08-03,266.0,222.51350365486834,162.72195492028985,286.07134438513543
2018-08-04,207.0,191.44784127741914,128.71090999821692,251.37277246832636
2018-08-05,227.0,199.90944875568573,140.7772843769781,263.7870968454793
2018-08-06,332.0,234.66870282294732,177.04776202018036,303.52209363581295
2018-08-07,334.0,234.96627126356262,176.13515203363357,295.8946717255525
2018-08-08,306.0,225.28631320969038,168.8695350355728,286.000702784881
2018-08-09,261.0,217.02355172009592,154.76302756017648,281.36931415026277
2018-08-10,205.0,206.15849786338623,145.88752257928257,264.9189161861283
2018-08-11,157.0,170.59018372189112,108.45240265694584,232.7827266807189
2018-08-12,167.0,174.7824013270839,112.36996487240249,235.7482022028109
2018-08-13,262.0,205.5814331610111,145.0772465535073,270.8399026490534
2018-08-14,246.0,202.29851562736633,137.11425755779646,270.33106879649563
2018-08-15,243.0,189.48151350111863,129.22665116482776,248.52598817426738
2018-08-16,269.0,178.5806033791804,118.91424262350807,240.54925780986346
2018-08-17,216.0,165.6222796051344,103.20690681454263,228.15076317600233
2018-08-18,166.0,128.54107063415924,70.97301939139312,187.06938368656873
2018-08-19,169.0,131.8249888730007,68.5594449098645,197.518525240637
2018-08-20,228.0,162.33272039839517,100.5186096357625,221.40409180134762
2018-08-21,187.0,159.37581087715847,98.74413778195161,223.2851967612763
2018-08-22,148.0,147.49033430308359,91.71801221403862,210.4457866396563
2018-08-23,121.0,138.10284457418098,78.85858809329191,198.30787904254197
2018-08-24,93.0,127.20491864568493,64.97683629577234,190.59980448495247
2018-08-25,60.0,92.68566779228675,32.44820283100673,154.93927052554005
2018-08-26,59.0,98.9782221088293,38.66582251564053,159.0211857634976
2018-08-27,51.0,132.87817066342197,67.21992614067017,189.37331598525716
2018-08-28,32.0,133.62718411163522,73.25591891374901,196.2908235320456
2018-08-29,12.0,125.68627205104596,62.6934336941211,185.77249713748768
2018-08-30,0.0,120.40343682727466,56.409193609075,176.96465432317532
2018-08-31,0.0,113.68999118942162,54.5535078344016,172.6649345307577
2018-09-01,0.0,83.35487301221958,24.26250025866591,149.08980183929972
2018-09-02,0.0,93.7529180224394,33.10612951959667,149.8591622155728
2018-09-03,1.0,131.60502901741134,70.9675573254199,188.85097014835907
2018-09-04,,136.08342586331494,76.51627548519063,197.60519078552016
2018-09-05,,131.5863885513068,76.28139534122573,193.93503076053997
2018-09-06,,129.40721859794886,62.8029216572028,187.70737156688298
2018-09-07,,125.41165430505191,65.61590835653236,192.7766599251887
2018-09-08,,97.3730466133477,38.7088862878879,161.95279360119602
2018-09-09,,109.62123611957115,45.55589712237981,171.85650835908118
2018-09-10,,148.86305604836522,85.57040485664261,213.49466637895992
2018-09-11,,154.26763882838296,92.76010329749627,215.43988144271688
2018-09-12,,150.2409391622094,88.9523960816942,209.30861668619195
2018-09-13,,148.09420674466006,87.8331387220292,204.97941578428728
2018-09-14,,143.72065907421447,81.60648454906251,201.10027044464792
2018-09-15,,114.92968270099112,55.94129516239651,174.58348503293726
2018-09-16,,126.09453120273503,68.2526752874477,184.5113441347701
2018-09-17,,163.97147778203689,105.94593892140779,227.2556054891401
2018-09-18,,167.7836377317371,107.43645164343762,229.97784950501656
2018-09-19,,161.99391474400483,105.48417167611176,223.89814844620267
2018-09-20,,157.97184768207654,95.90608272068174,218.8986759650179
2018-09-21,,151.66865292592058,86.94103244488674,214.45982675783955
2018-09-22,,120.94983528753939,57.67270816067642,180.25684718072776
2018-09-23,,130.24137920514883,71.15895811834648,190.88136063845508
2018-09-24,,166.34751910145897,100.86056546563901,228.34502830817922
2018-09-25,,168.53334159112455,108.51553880345081,233.28599613683
2018-09-26,,161.29670635589764,102.61416760008252,225.34643546918073
2018-09-27,,156.0342896477931,92.54361557392235,220.1129969710711
2018-09-28,,148.7160665967483,86.27408128160172,206.26203606541085
2018-09-29,,117.21761951804663,57.46820185278329,180.28949439506724
2018-09-30,,125.96629085003961,65.2416630880057,184.16617421897678
2018-10-01,,161.75917904580592,100.63086213068489,223.7848209781817
2018-10-02,,163.84622205185389,98.39017840799748,224.08565487750036
2018-10-03,,156.7028398640342,94.17006065035018,218.88537478235608
2018-10-04,,151.6969179177893,92.6116503267205,220.47228621876343
2018-10-05,,144.7644190208156,86.3441612945268,205.40760888246484
2018-10-06,,113.74297706640897,55.52966310508759,174.38971857169545
2018-10-07,,123.01945265208317,67.48107745286073,187.09294173380889
2018-10-08,,159.34940693972342,98.60139771468017,222.23530423456802
2018-10-09,,161.94169409571623,96.81569268479433,222.43097158767273
2018-10-10,,155.23259844386715,96.92263590528995,217.94207017618564
2018-10-11,,150.55425294108144,93.68601576334098,212.2326822262298
2018-10-12,,143.81158303968607,86.09421925900347,207.50695869427412
2018-10-13,,112.81708826963592,51.565863913203124,175.81970632093035
2018-10-14,,121.93940468444035,57.08693192864713,181.2580652807876
2018-10-15,,157.92357252266726,98.68110206867148,214.35938662170827
2018-10-16,,159.97618338109314,101.44456367048815,220.9374970230768
2018-10-17,,152.53981370875283,92.51493973292264,218.98780834035819
2018-10-18,,146.96146923660183,84.10682053194697,204.6109932518806
2018-10-19,,139.16928012767642,73.601616868934,199.74663883895087
2018-10-20,,107.006762813439,42.86611444522613,173.62744862431336
2018-10-21,,114.88060316486087,50.70597283180682,173.69044213361016
2018-10-22,,149.5799044767317,88.82775277229045,214.31340784857093
2018-10-23,,150.3601008361468,89.3285677139434,214.82617074302115
2018-10-24,,141.7159754443478,87.58251362743978,202.04172214706026
2018-10-25,,135.04854688289888,70.98404301850228,201.03542172606728
2018-10-26,,126.34010609087511,60.46298949913547,189.67496046702777
2018-10-27,,93.48676644121565,33.25965355321782,153.28624991548435
2018-10-28,,100.9445301693255,40.427042967736064,161.1214480926322
2018-10-29,,135.54686408206328,76.8469716314925,197.50400963880855
2018-10-30,,136.58703404739484,71.72694171701579,198.24533398300048
2018-10-31,,128.58968487283445,67.21351170289938,187.29869646727605
2018-11-01,,122.97647238906454,63.52549237329236,180.03507604088747
2018-11-02,,115.74006986852272,55.366829927149446,175.16809497831383
2018-11-03,,84.7759449280378,27.142628740977237,147.5854942562316
2018-11-04,,94.52793733766552,33.34413614469852,150.9266102335895
2018-11-05,,131.80565041871114,71.80771609166874,192.71166299285608
2018-11-06,,135.86691724457447,80.81950364758006,200.00081481338864
2018-11-07,,131.18983151661735,67.33316215895138,188.20465424067416
2018-11-08,,129.13914455949373,70.42231843361805,191.81969153332048
2018-11-09,,125.64133660614489,63.61280579309539,184.46821624023883
2018-11-10,,98.51773625910093,37.67079427221982,156.40909157165473
2018-11-11,,112.13168849130605,50.49782192344462,171.4809396097358
2018-11-12,,153.20774674159782,90.03635763596955,217.2119513883961
2018-11-13,,160.91610703954456,97.43639416167026,223.0958878319639
2018-11-14,,159.64672569939756,98.55492176385837,219.63221994616353
2018-11-15,,160.6778698755334,101.84265466800922,222.04959641375885
2018-11-16,,159.85335453043808,99.72505754111208,220.0539160750953
2018-11-17,,134.9177840408417,76.63788499144076,194.42032869124577
2018-11-18,,150.16574356372251,86.6675538343024,208.122771591389
2018-11-19,,192.26286236047696,131.79777962250384,250.65326602917452
2018-11-20,,200.33191696045162,142.71367374657484,258.9105349861592
2018-11-21,,198.72837029793456,138.326162578644,258.7854534796052
2018-11-22,,198.71005658456764,140.0294477720828,263.38193186043384
2018-11-23,,196.115232892003,135.87685933949888,257.29283478789296
2018-11-24,,168.6982909492607,110.02533888120331,230.07377236497086
2018-11-25,,180.77905811034634,120.71842789292526,243.00669035377186
2018-11-26,,219.06360255428484,157.41638312679186,283.1180432157167
2018-11-27,,222.72971273731355,160.0822923506581,285.7760941420135
2018-11-28,,216.2014586390143,154.75687196939768,272.2813261152643
2018-11-29,,210.81756500293278,147.6166122795059,266.3498205300564
2018-11-30,,202.50784652929613,144.36228733792717,270.90676055516917
2018-12-01,,169.12703534968713,108.4184186426742,230.79524885002172
2018-12-02,,175.10197349302624,115.31719190635602,241.49144087233827
